{"cameraMode":{"drawMode":0,"name":"Shaded","section":"Shading Mode"},"sceneLighting":true,"audioPlay":false,"sceneViewState":{"showFog":true,"showMaterialUpdate":false,"showSkybox":true,"showFlares":true,"showImageEffects":true,"showParticleSystems":true},"in2DMode":false,"pivot":{"x":-10.930335998535157,"y":-3.6564159393310549,"z":3.86187744140625},"rotation":{"x":-0.17117685079574586,"y":0.6868451833724976,"z":-0.17158803343772889,"w":-0.685200572013855},"size":53.11625289916992,"orthographic":false}