{"cameraMode":{"drawMode":0,"name":"Shaded","section":"Shading Mode"},"sceneLighting":true,"audioPlay":false,"sceneViewState":{"showFog":true,"showMaterialUpdate":false,"showSkybox":true,"showFlares":true,"showImageEffects":true,"showParticleSystems":true},"in2DMode":false,"pivot":{"x":-9.589508056640625,"y":-6.150793075561523,"z":-0.9280070662498474},"rotation":{"x":-0.17117685079574586,"y":0.6868451833724976,"z":-0.17158803343772889,"w":-0.685200572013855},"size":63.08584213256836,"orthographic":false}